{
    "id": 184768,
    "name": "BENGALI",
    "start": {
        "x": 438.65934065934056,
        "y": 418.2246619423666
    },
    "end": {
        "x": 510.96703296703294,
        "y": 436.68620040390505
    },
    "mode": "parent",
    "type": "language2",
    "namingScheme": "number",
    "height": 18.461538461538453,
    "width": 72.30769230769229,
    "children": [
        {
            "id": 491968,
            "name": "0",
            "start": {
                "x": 492.50549450549437,
                "y": 419.76312348082814
            },
            "end": {
                "x": 510.1978021978021,
                "y": 435.1477388654435
            },
            "mode": "child",
            "type": "option",
            "height": 15.384615384615358,
            "width": 17.692307692307693
        }
    ],
    "isOpen": false
},
{
    "id": 235136,
    "name": "ENGLISH",
    "start": {
        "x": 438.80219780219767,
        "y": 434.7960905137952
    },
    "end": {
        "x": 511.10989010989,
        "y": 453.25762897533366
    },
    "mode": "parent",
    "type": "language2",
    "namingScheme": "number",
    "height": 18.461538461538453,
    "width": 72.30769230769229,
    "children": [
        {
            "id": 652928,
            "name": "0",
            "start": {
                "x": 492.64835164835154,
                "y": 436.33455205225675
            },
            "end": {
                "x": 510.3406593406593,
                "y": 451.7191674368721
            },
            "mode": "child",
            "type": "option",
            "height": 15.384615384615358,
            "width": 17.692307692307693
        }
    ],
    "isOpen": true
},
{
    "id": 838080,
    "name": "HINDI",
    "start": {
        "x": 438.8021978021976,
        "y": 452.0818047995094
    },
    "end": {
        "x": 511.1098901098901,
        "y": 470.5433432610479
    },
    "mode": "parent",
    "type": "language2",
    "namingScheme": "number",
    "height": 18.461538461538453,
    "width": 72.30769230769229,
    "children": [
        {
            "id": 700096,
            "name": "0",
            "start": {
                "x": 492.6483516483514,
                "y": 453.620266337971
            },
            "end": {
                "x": 510.3406593406594,
                "y": 469.00488172258633
            },
            "mode": "child",
            "type": "option",
            "height": 15.384615384615358,
            "width": 17.692307692307693
        }
    ],
    "isOpen": true
},
{
    "id": 738624,
    "name": "NEPALI",
    "start": {
        "x": 437.8021978021977,
        "y": 469.2246619423666
    },
    "end": {
        "x": 510.10989010989,
        "y": 487.68620040390505
    },
    "mode": "parent",
    "type": "language2",
    "namingScheme": "number",
    "height": 18.461538461538453,
    "width": 72.30769230769229,
    "children": [
        {
            "id": 291136,
            "name": "0",
            "start": {
                "x": 491.64835164835154,
                "y": 470.76312348082814
            },
            "end": {
                "x": 509.3406593406593,
                "y": 486.1477388654435
            },
            "mode": "child",
            "type": "option",
            "height": 15.384615384615358,
            "width": 17.692307692307693
        }
    ],
    "isOpen": true
},
{
    "id": 769280,
    "name": "ORIYA",
    "start": {
        "x": 518.6593406593406,
        "y": 417.2246619423666
    },
    "end": {
        "x": 590.967032967033,
        "y": 435.68620040390505
    },
    "mode": "parent",
    "type": "language2",
    "namingScheme": "number",
    "height": 18.461538461538453,
    "width": 72.30769230769229,
    "children": [
        {
            "id": 513280,
            "name": "0",
            "start": {
                "x": 572.5054945054944,
                "y": 418.76312348082814
            },
            "end": {
                "x": 590.197802197802,
                "y": 434.1477388654435
            },
            "mode": "child",
            "type": "option",
            "height": 15.384615384615358,
            "width": 17.692307692307693
        }
    ],
    "isOpen": false
},
{
    "id": 863296,
    "name": "SANTHALI",
    "start": {
        "x": 518.6593406593406,
        "y": 434.2246619423666
    },
    "end": {
        "x": 590.967032967033,
        "y": 452.68620040390505
    },
    "mode": "parent",
    "type": "language2",
    "namingScheme": "number",
    "height": 18.461538461538453,
    "width": 72.30769230769229,
    "children": [
        {
            "id": 817216,
            "name": "0",
            "start": {
                "x": 572.5054945054944,
                "y": 435.76312348082814
            },
            "end": {
                "x": 590.197802197802,
                "y": 451.1477388654435
            },
            "mode": "child",
            "type": "option",
            "height": 15.384615384615358,
            "width": 17.692307692307693
        }
    ],
    "isOpen": true
},
{
    "id": 310208,
    "name": "TELEGU",
    "start": {
        "x": 518.6593406593406,
        "y": 452.2246619423666
    },
    "end": {
        "x": 590.967032967033,
        "y": 470.68620040390505
    },
    "mode": "parent",
    "type": "language2",
    "namingScheme": "number",
    "height": 18.461538461538453,
    "width": 72.30769230769229,
    "children": [
        {
            "id": 817600,
            "name": "0",
            "start": {
                "x": 572.5054945054944,
                "y": 453.76312348082814
            },
            "end": {
                "x": 590.197802197802,
                "y": 469.1477388654435
            },
            "mode": "child",
            "type": "option",
            "height": 15.384615384615358,
            "width": 17.692307692307693
        }
    ],
    "isOpen": false
},
{
    "id": 846464,
    "name": "URDU",
    "start": {
        "x": 518.6593406593406,
        "y": 469.2246619423666
    },
    "end": {
        "x": 590.967032967033,
        "y": 487.68620040390505
    },
    "mode": "parent",
    "type": "language2",
    "namingScheme": "number",
    "height": 18.461538461538453,
    "width": 72.30769230769229,
    "children": [
        {
            "id": 831360,
            "name": "0",
            "start": {
                "x": 572.5054945054944,
                "y": 470.76312348082814
            },
            "end": {
                "x": 590.197802197802,
                "y": 486.1477388654435
            },
            "mode": "child",
            "type": "option",
            "height": 15.384615384615358,
            "width": 17.692307692307693
        }
    ],
    "isOpen": true
},