{
    "id": 781056,
    "name": "BENGALI",
    "start": {
        "x": 276.3736263736262,
        "y": 418.510376228081
    },
    "end": {
        "x": 348.68131868131854,
        "y": 436.97191468961944
    },
    "mode": "parent",
    "type": "language1",
    "namingScheme": "number",
    "height": 18.461538461538453,
    "width": 72.30769230769229,
    "children": [
        {
            "id": 346880,
            "name": "0",
            "start": {
                "x": 330.2197802197801,
                "y": 420.04883776654253
            },
            "end": {
                "x": 347.9120879120878,
                "y": 435.4334531511579
            },
            "mode": "child",
            "type": "option",
            "height": 15.384615384615358,
            "width": 17.692307692307693
        }
    ],
    "isOpen": false
},
{
    "id": 458944,
    "name": "ENGLISH",
    "start": {
        "x": 276.51648351648345,
        "y": 435.36751908522376
    },
    "end": {
        "x": 348.82417582417577,
        "y": 453.8290575467622
    },
    "mode": "parent",
    "type": "language1",
    "namingScheme": "number",
    "height": 18.461538461538453,
    "width": 72.30769230769229,
    "children": [
        {
            "id": 211392,
            "name": "0",
            "start": {
                "x": 330.3626373626373,
                "y": 436.9059806236853
            },
            "end": {
                "x": 348.05494505494494,
                "y": 452.29059600830067
            },
            "mode": "child",
            "type": "option",
            "height": 15.384615384615358,
            "width": 17.692307692307693
        }
    ],
    "isOpen": false
},
{
    "id": 941632,
    "name": "HINDI",
    "start": {
        "x": 276.37362637362634,
        "y": 454.22466194236665
    },
    "end": {
        "x": 348.68131868131866,
        "y": 472.68620040390505
    },
    "mode": "parent",
    "type": "language1",
    "namingScheme": "number",
    "height": 18.461538461538453,
    "width": 72.30769230769229,
    "children": [
        {
            "id": 741184,
            "name": "0",
            "start": {
                "x": 330.2197802197802,
                "y": 455.7631234808282
            },
            "end": {
                "x": 347.9120879120878,
                "y": 471.1477388654434
            },
            "mode": "child",
            "type": "option",
            "height": 15.384615384615358,
            "width": 17.692307692307693
        }
    ],
    "isOpen": false
},
{
    "id": 875648,
    "name": "NEPALI",
    "start": {
        "x": 275.6593406593405,
        "y": 471.36751908522376
    },
    "end": {
        "x": 347.9670329670329,
        "y": 489.8290575467622
    },
    "mode": "parent",
    "type": "language1",
    "namingScheme": "number",
    "height": 18.461538461538453,
    "width": 72.30769230769229,
    "children": [
        {
            "id": 145024,
            "name": "0",
            "start": {
                "x": 329.5054945054943,
                "y": 472.9059806236853
            },
            "end": {
                "x": 347.19780219780205,
                "y": 488.29059600830067
            },
            "mode": "child",
            "type": "option",
            "height": 15.384615384615358,
            "width": 17.692307692307693
        }
    ],
    "isOpen": false
},
{
    "id": 933120,
    "name": "ORIYA",
    "start": {
        "x": 357.2307692307691,
        "y": 418.36751908522376
    },
    "end": {
        "x": 429.53846153846143,
        "y": 436.8290575467622
    },
    "mode": "parent",
    "type": "language1",
    "namingScheme": "number",
    "height": 18.461538461538453,
    "width": 72.30769230769229,
    "children": [
        {
            "id": 707072,
            "name": "0",
            "start": {
                "x": 411.076923076923,
                "y": 419.9059806236853
            },
            "end": {
                "x": 428.76923076923066,
                "y": 435.29059600830067
            },
            "mode": "child",
            "type": "option",
            "height": 15.384615384615358,
            "width": 17.692307692307693
        }
    ],
    "isOpen": false
},
{
    "id": 759808,
    "name": "SANTHALI",
    "start": {
        "x": 357.2307692307691,
        "y": 436.3675190852237
    },
    "end": {
        "x": 429.5384615384614,
        "y": 454.82905754676216
    },
    "mode": "parent",
    "type": "language1",
    "namingScheme": "number",
    "height": 18.461538461538453,
    "width": 72.30769230769229,
    "children": [
        {
            "id": 652544,
            "name": "0",
            "start": {
                "x": 411.0769230769229,
                "y": 437.90598062368525
            },
            "end": {
                "x": 428.76923076923066,
                "y": 453.2905960083006
            },
            "mode": "child",
            "type": "option",
            "height": 15.384615384615358,
            "width": 17.692307692307693
        }
    ],
    "isOpen": true
},
{
    "id": 475712,
    "name": "TELEGU",
    "start": {
        "x": 357.37362637362634,
        "y": 453.65323337093804
    },
    "end": {
        "x": 429.6813186813186,
        "y": 472.1147718324765
    },
    "mode": "parent",
    "type": "language1",
    "namingScheme": "number",
    "height": 18.461538461538453,
    "width": 72.30769230769229,
    "children": [
        {
            "id": 150592,
            "name": "0",
            "start": {
                "x": 411.21978021978015,
                "y": 455.1916949093996
            },
            "end": {
                "x": 428.9120879120879,
                "y": 470.57631029401495
            },
            "mode": "child",
            "type": "option",
            "height": 15.384615384615358,
            "width": 17.692307692307693
        }
    ],
    "isOpen": true
},
{
    "id": 909888,
    "name": "URDU",
    "start": {
        "x": 357.3736263736263,
        "y": 469.9389476566523
    },
    "end": {
        "x": 429.68131868131866,
        "y": 488.40048611819077
    },
    "mode": "parent",
    "type": "language1",
    "namingScheme": "number",
    "height": 18.461538461538453,
    "width": 72.30769230769229,
    "children": [
        {
            "id": 281920,
            "name": "0",
            "start": {
                "x": 411.21978021978015,
                "y": 471.47740919511386
            },
            "end": {
                "x": 428.91208791208777,
                "y": 486.8620245797292
            },
            "mode": "child",
            "type": "option",
            "height": 15.384615384615358,
            "width": 17.692307692307693
        }
    ],
    "isOpen": true
},